"Guid","Name","SBQQ__MethodName__c","SBQQ__Version__c"
0337bfc4-482c-4609-8d2e-e7e716decb3f,a2X5f000008LPlV,CalculatorReferencedFieldRemover,228.7
086c5713-a623-4ce4-9282-71abe067ef18,a2X5f000008LPlc,SBQQ.InstallProcessorBatchThemeGenerator,228.7
086c6cec-a731-4faa-80a5-4234f1b3a784,a2X5f000008LPlg,SBQQ.SummaryVarRefFieldGenerator,228.7
1be972b7-8876-48c7-8f32-534ff73f0768,a2X5f000008LPlh,SBQQ.ProductRuleRefFieldGenerator,228.7
1e9403f7-7305-448b-936a-14ddf87d3471,a2X5f000008LPlW,SBQQ.BatchablePluginTranspileUtil,228.7
22df7e14-194e-4b4f-b0be-8df9ba9268ac,a2X5f000008LPlQ,createConfiguratorEditRulesAction,228.7
2b019867-e7a6-44d2-b6f5-88ff05aeeb32,a2X5f000008LPlM,createViewConsumptionScheduleLineAction,228.7
301a7025-7804-4a96-bc9e-673c62d5b40f,a2X5f000008LPln,SBQQ.RootIdSetterParentSubscriptions,228.7
36826491-84e2-48b9-8445-7fc0d7a65f40,a2X5f000008LPlY,SBQQ.InstallProcessorBatchRequiredByAsset,228.7
4237e5aa-73d0-4bcd-a11c-4408fa8335c9,a2X5f000008LPlm,SBQQ.BatchableConfigAttrReferencedFieldUtil,228.7
46ea5dea-7e28-422f-9cae-a8349be67411,a2X5f000008LPlj,SBQQ.InstallProcessorBatchHasCS,228.7
483678cf-16f5-431a-a1b5-1da4796747b6,a2X5f000008LPli,SBQQ.PriceRuleRefFieldGenerator,228.7
4a7d906d-0424-42da-b96e-7b1aa838f877,a2X5f000008LPle,SBQQ.DiscountScheduleRefFieldGenerator,228.7
4bf0119c-83ee-48c4-8085-54a9d06da541,a2X5f000008LPlN,createExternalConfiguratorCustomAction,228.7
6099747a-6181-48b5-93db-9f104a4bff3d,a2X5f000008LPlo,SBQQ.RootIdSetterParentAssets,228.7
616add8a-9160-493f-afcc-965fd92a8f17,a2X5f000008LPlf,updateOIsWithAssetsContractsSubs,228.7
8dbf369a-d582-4bd5-9595-202d14d20fb9,a2X5f000008LPla,SBQQ.InstallProcessorBatchLocalizationIndex,228.7
99565163-13b7-401c-bd87-3e980ef2cfad,a2X5f000008LPlS,createAddRecommendedProductsAction,228.7
9a9079bb-8d59-4e0e-9fbd-a7d52f895feb,a2X5f000008LPlb,SBQQ.BatchableDSExclusionGenerator,228.7
9ccb852f-922d-467d-a6ba-11fc0bd9417a,a2X5f000008LPlP,viewPricingGuidanceLineAction,228.7
9f25c453-d212-4ff8-b5ab-d8402a18c9bd,a2X5f000008LPlU,SBQQ.InstallProcessorBatchQuantityEditable,228.7
a66aa49b-035c-4e20-86d5-cfa0baf94476,a2X5f000008LPlL,createCustomActionsOnQLE,228.7
a85bb79b-3cd2-4bea-9ed5-f93f1b1e7a40,a2X5f000008LPlT,SBQQ.InstallProcessorBatchRegularPrice,228.7
a9d8b15c-4ca9-448e-aa1c-a0fb674bfe13,a2X5f000008LPld,SBQQ.InstallProcessorBatchAssetCombineKey,228.7
be871d3d-90ad-4f44-8856-4ddecba4dad3,a2X5f000008LPlR,enableFlagToPreventBackdatedAmendments,228.7
c75fbb04-eaf2-4ce9-a5c4-7a43e83e12c6,a2X5f000008LPll,SBQQ.ProductRefFieldGenerator,228.7
c8245395-4350-4abb-8372-99515456cb35,a2X5f000008LPlk,SBQQ.CustomActionRefFieldGenerator,228.7
c8ecae87-df16-43eb-be64-874e0fa8fde7,a2X5f000008LPlp,SBQQ.RootIdSetterChildSubscriptions,228.7
d9d5acd3-7b04-4143-b1f3-0c3e64f3e781,a2X5f000008LPlq,SBQQ.RootIdSetterChildAssets,228.7
e1f27018-0627-4dba-a52a-7c65746835a6,a2X5f000008LPlX,SBQQ.InstallProcessorBatchQLIPriceBookEntry,228.7
ee22e86f-87ea-4170-bac4-00037e1e2e1c,a2X5f000008LPlZ,SBQQ.ReferencedFieldRemover,228.7
fa9f5c25-917d-48c5-bc1b-a333d949da5c,a2X5f000008LPlO,createAmendSubscriptionsCustomQleAction,228.7
